sentence,label_name,label_ID,language,source,annotator
"Immigration policies can be shaped by a range of economic factors, including labor market needs, economic competitiveness, and the potential fiscal impact of immigration.",Economic,1,English,self,G04393699
"Political considerations are often at the forefront of debates around immigration, with issues such as national security, border control, and electoral politics playing a significant role.",Political,13,English,self,G04393699
"Cultural identity is a key factor in shaping both public opinion and policy decisions around immigration, with debates often centering on questions of assimilation, integration, and cultural preservation.",Cultural Identity,11,English,self,G04393699
"The economic benefits of immigration are a hotly debated topic, with proponents citing contributions to GDP growth, innovation, and entrepreneurship, and opponents pointing to potential job displacement and wage depression.",Economic,1,English,self,G04393699
"Political rhetoric around immigration can often be divisive, with politicians using the issue to mobilize their base or appeal to specific voter demographics.",Political,13,English,self,G04393699
"Cultural factors such as language, religion, and food can play a significant role in shaping both the experiences of immigrants and the attitudes of the host community towards them.",Cultural Identity,11,English,self,G04393699
"The economic impact of immigration can vary widely depending on factors such as the skill level and education of the immigrant population, as well as the specific industry sectors in which they are employed.",Economic,1,English,self,G04393699
"Political ideology can strongly influence policy decisions around immigration, with some politicians taking a hardline stance on issues such as border control and deportation as a way to appeal to nationalist sentiment or conservative values.",Political,13,English,self,G04393699
"Cultural identity is a complex and multifaceted issue that can be influenced by a range of factors, including language, religion, family ties, and cultural heritage.",Cultural Identity,11,English,self,G04393699
"Immigration policies that provide a path to citizenship for undocumented immigrants can have positive economic and social benefits, such as increased tax revenues, improved public health outcomes, and reduced social inequality.",Policy Prescription and Evaluation,6,English,self,G04393699
Many immigrants come to the United States in search of a better quality of life for themselves and their families.,Quality of Life,10,English,self,G04393699
Immigration policies are often shaped by political ideologies and interests.,Political,13,English,self,G04393699
Public opinion on immigration varies greatly depending on the region and demographics of the population.,Public Sentiment,12,English,self,G04393699
Immigrants contribute to the economy and cultural diversity of a country.,Economic,1,English,self,G04393699
The debate on immigration often revolves around issues such as national security and job competition.,Security and Defense,8,English,self,G04393699
"In some countries, immigration policies have been shaped by xenophobic attitudes towards foreigners.",Other,15,English,self,G04393699
"Public opinion on immigration has become more polarized in recent years, with some advocating for more liberal policies and others for stricter controls.",Public Sentiment,12,English,self,G04393699
Immigrants who are able to successfully integrate into their new communities can greatly improve their quality of life.,Quality of Life,10,English,self,G04393699
"Immigration has been a key issue in many political campaigns, with politicians often taking strong stances for or against certain policies.",Political,13,English,self,G04393699
Public opinion on immigration is often influenced by media coverage and political rhetoric.,Public Sentiment,12,English,self,G04393699
Immigration policies can have a significant impact on a country's demographic and cultural makeup.,Cultural Identity,11,English,self,G04393699
"Immigrants often face challenges in accessing healthcare, education, and other basic services in their new country.",Quality of Life,10,English,self,G04393699
The debate on immigration often centers around questions of national identity and belonging.,External Regulation and Reputation,14,English,self,G04393699
"Public opinion on immigration can be influenced by personal experiences, cultural values, and media portrayals.",Public Sentiment,12,English,self,G04393699
Immigrants can bring valuable skills and perspectives to a country's workforce and society.,External Regulation and Reputation,14,English,self,G04393699
"Immigration policies can have ripple effects on other areas of policy, such as trade and foreign relations.",Policy Prescription and Evaluation,6,English,self,G04393699
Public opinion on immigration can shift rapidly in response to changing events and political rhetoric.,Public Sentiment,12,English,self,G04393699
"Immigrants may face discrimination and prejudice in their new country, which can negatively impact their quality of life.",Fairness and Equality,4,English,self,G04393699
"Immigration policies can reflect a country's values and priorities, such as human rights or economic growth.",Policy Prescription and Evaluation,6,English,self,G04393699
Public opinion on immigration can vary widely within a single country or region.,Public Sentiment,12,English,self,G04393699
"Immigrants can face significant language and cultural barriers, which can make it difficult for them to integrate into their new community.",Cultural Identity,11,English,self,G04393699
"Immigration policies can have unintended consequences, such as increased human trafficking or exploitation.",Policy Prescription and Evaluation,6,English,self,G04393699
"Public opinion on immigration can be shaped by political leaders, interest groups, and other influential voices.",Political,13,English,self,G04393699
"Immigrants can bring diversity and richness to a country's arts, culture, and cuisine.",Cultural Identity,11,English,self,G04393699
"Immigration policies can be influenced by global events and trends, such as wars, economic crises, or environmental disasters.",External Regulation and Reputation,14,English,self,G04393699
"Public opinion on immigration can be shaped by historical events and cultural memory, such as past waves of immigration or colonialism.",Public Sentiment,12,English,self,G04393699
Immigrants may face legal and bureaucratic hurdles that can make it difficult for them to establish themselves in their new country.,"Legality, Constitutionality, Jurisdiction",5,English,self,G04393699
Immigration policies can have long-lasting impacts on a country's social fabric and economic structure.,Policy Prescription and Evaluation,6,English,self,G04393699
"Public opinion on immigration can be influenced by demographic shifts and changing social norms, such as attitudes towards gender, sexuality, or religion.",Public Sentiment,12,English,self,G04393699
"Immigrants may have different expectations and goals than their new community, which can lead to tensions and conflicts.",Cultural Identity,11,English,self,G04393699
"Immigrants often take on jobs that are deemed undesirable or low-paying, which can lead to economic exploitation and labor violations.",Economic,1,English,self,G04393699
"The health and safety of immigrants can be at risk due to factors such as poor working conditions, lack of access to healthcare, and exposure to environmental hazards.",Health and Safety,9,English,self,G04393699
Immigrants may face challenges in preserving their cultural identity and heritage while adapting to the norms and values of their new community.,Cultural Identity,11,English,self,G04393699
"Immigrants can contribute to a country's economy by starting businesses, paying taxes, and filling labor gaps in key sectors.",Economic,1,English,chatGpt,G04393699
"Immigrants may lack legal protections or access to justice, making them vulnerable to exploitation, harassment, and violence.",Fairness and Equality,4,English,chatGpt,G04393699
"Immigrants often bring their own unique cultural practices and traditions, which can enrich and diversify a country's cultural landscape.",Cultural Identity,11,English,chatGpt,G04393699
Immigrants can stimulate innovation and creativity by bringing new ideas and perspectives to their new communities.,Public Sentiment,12,English,chatGpt,G04393699
"The health and safety of immigrants can be jeopardized by discriminatory policies or practices, such as denial of healthcare or exposure to toxic environments.",Health and Safety,9,English,chatGpt,G04393699
"Immigrants can experience cultural shock or homesickness, which can lead to mental health issues and social isolation.",Quality of Life,10,English,chatGpt,G04393699
"Immigrants may face discrimination and xenophobia, which can limit their economic opportunities and access to basic services.",Fairness and Equality,4,English,chatGpt,G04393699
"Immigrants may struggle to access affordable housing, which can impact their health, safety, and overall well-being.",Quality of Life,10,English,chatGpt,G04393699
"Immigrants may face language barriers or discrimination in the workplace, which can limit their economic mobility and opportunities for advancement.",Cultural Identity,11,English,chatGpt,G04393699
Immigrants can help revitalize struggling communities by contributing to local economies and social networks.,Economic,1,English,chatGpt,G04393699
"The health and safety of immigrants can be threatened by inadequate or inaccessible social services, such as education, housing, or emergency medical care.",Health and Safety,9,English,chatGpt,G04393699
"Immigrants may experience a sense of dislocation or loss of cultural identity, which can impact their mental health and social integration.",Cultural Identity,11,English,chatGpt,G04393699
"Immigrants may face language barriers or cultural misunderstandings in healthcare settings, which can impact their access to quality care.",Health and Safety,9,English,chatGpt,G04393699
"Immigrants can bring unique skills and expertise to their new communities, which can contribute to local economic growth and development.",Economic,1,English,chatGpt,G04393699
"Immigrants may face social and economic exclusion, which can lead to poverty, poor health outcomes, and reduced access to education and social services.",Economic,1,English,chatGpt,G04393699
"Immigrants may face discrimination and prejudice, which can impact their mental health and well-being.",Morality,3,English,chatGpt,G04393699
"Immigrants may struggle to access affordable childcare, which can limit their ability to work and contribute to the economy.",Economic,1,English,chatGpt,G04393699
"Immigrants may experience difficulty in accessing credit or loans, which can limit their ability to start businesses and invest in their communities.",Quality of Life,10,English,chatGpt,G04393699
"Immigrants may face challenges in preserving their religious or cultural practices, which can impact their sense of belonging and identity.",Cultural Identity,11,English,chatGpt,G04393699
"Immigrants can bring diverse perspectives and cultural exchange to their new communities, which can foster understanding and tolerance.",Cultural Identity,11,English,chatGpt,G04393699
"Immigrants may face language barriers or discrimination in accessing legal services, which can impact their ability to navigate the legal system and protect their rights.","Legality, Constitutionality, Jurisdiction",5,English,chatGpt,G04393699
Immigrants can face heightened risks of workplace injuries or fatalities due to hazardous working conditions or lack of safety regulations.,Health and Safety,9,English,chatGpt,G04393699
"Immigration policies can place strain on a country's capacity to provide social services and infrastructure, such as healthcare, housing, and education.",Policy Prescription and Evaluation,6,English,chatGpt,G04393699
The morality of immigration policies can be questioned when they lead to the separation of families or the deportation of individuals to dangerous situations.,Morality,3,English,chatGpt,G04393699
"Immigrants may be denied access to basic resources and services due to their immigration status, which can perpetuate cycles of poverty and inequality.",Fairness and Equality,4,English,chatGpt,G04393699
"The fairness and equality of immigration policies can be questioned when they discriminate against certain groups based on race, ethnicity, or religion.",Fairness and Equality,4,English,chatGpt,G04393699
Immigrants can provide a valuable source of labor and skills but policies must be in place to ensure their fair treatment and protection from exploitation.,Policy Prescription and Evaluation,6,English,chatGpt,G04393699
"Immigration policies should prioritize the safety and well-being of immigrants, including access to healthcare, legal services, and protections from abuse and violence.",Health and Safety,9,English,chatGpt,G04393699
The morality of immigration policies can be questioned when they prioritize the economic interests of a country over the rights and dignity of individuals and families seeking refuge or asylum.,Economic,1,English,chatGpt,G04393699
"Immigrants can place a strain on public resources such as schools and hospitals, but policies should focus on providing adequate funding and support to meet the needs of all residents.",Capacity and Resources,2,English,chatGpt,G04393699
Immigration policies should prioritize fairness and equality by providing a pathway to citizenship or legal status for individuals who contribute to their communities and have established roots in the country.,Fairness and Equality,4,English,chatGpt,G04393699
The morality of immigration policies can be questioned when they lead to the detention or imprisonment of individuals seeking safety and protection from persecution or violence.,Morality,3,English,chatGpt,G04393699
Immigration policies must take into account the capacity of a country's job market to absorb new workers and provide opportunities for existing residents.,Capacity and Resources,2,English,chatGpt,G04393699
The morality of immigration policies can be questioned when they deny individuals access to life-saving medical treatment or necessary medications.,Morality,3,English,chatGpt,G04393699
"Immigrants may face obstacles in accessing education and training opportunities, which can limit their ability to contribute to the workforce and the economy.",Capacity and Resources,2,English,chatGpt,G04393699
"Fairness and equality in immigration policies require that all individuals are treated with respect and dignity, regardless of their background or circumstances.",Fairness and Equality,4,English,chatGpt,G04393699
"Immigration policies should prioritize the reunification of families and the protection of children, who are often the most vulnerable in migration situations.",Policy Prescription and Evaluation,6,English,chatGpt,G04393699
"Immigrants may require language and cultural training to fully integrate into their new communities, and policies should provide resources and support for these efforts.",Cultural Identity,11,English,chatGpt,G04393699
The morality of immigration policies can be questioned when they violate international human rights standards or lead to the mistreatment or abuse of individuals in detention.,Morality,3,English,chatGpt,G04393699
"Immigrants can contribute to the diversity and richness of a country's culture and society, and policies should value and celebrate this diversity.",Cultural Identity,11,English,chatGpt,G04393699
Immigration policies must balance the need for security and safety with the rights and freedoms of individuals seeking refuge or asylum.,Policy Prescription and Evaluation,6,English,chatGpt,G04393699
"Fairness and equality in immigration policies require that all individuals have access to due process and legal representation, regardless of their immigration status or background.","Legality, Constitutionality, Jurisdiction",5,English,chatGpt,G04393699
"Immigration policies can impact a country's reputation and relationships with other nations, and external regulation and collaboration can help ensure fair and ethical treatment of immigrants.",External Regulation and Reputation,14,English,chatGpt,G04393699
"Immigration policies should prioritize the safety and security of all residents, including measures to prevent human trafficking, smuggling, and other criminal activities related to immigration.",Crime and Punishment,7,English,chatGpt,G04393699
Policy evaluation and assessment can help identify areas for improvement and ensure that immigration policies are meeting their intended goals and objectives.,Policy Prescription and Evaluation,6,English,chatGpt,G04393699
"Immigration policies can have economic and social impacts on neighboring countries, and collaboration and coordination are necessary to address these impacts and ensure regional stability and prosperity.",Economic,1,English,chatGpt,G04393699
"Immigrants can contribute to a country's security and defense efforts, and policies should recognize and utilize their unique skills and expertise in these areas.",Security and Defense,8,English,chatGpt,G04393699
"Policy prescription for immigration should consider the needs and perspectives of all stakeholders, including immigrants, employers, and local communities.",Policy Prescription and Evaluation,6,English,chatGpt,G04393699
"Immigration policies should prioritize the protection and support of individuals who are fleeing violence, persecution, and other dangerous situations.",Policy Prescription and Evaluation,6,English,chatGpt,G04393699
"Effective policy evaluation for immigration requires data collection and analysis, as well as engagement with diverse perspectives and stakeholder groups.",Policy Prescription and Evaluation,6,English,chatGpt,G04393699
"Immigration policies should prioritize transparency and accountability, including mechanisms for reporting and addressing human rights abuses and other violations.",Policy Prescription and Evaluation,6,English,chatGpt,G04393699
Security and defense considerations should be balanced with the humanitarian needs and rights of individuals seeking safety and protection through immigration.,Security and Defense,8,English,chatGpt,G04393699
"International treaties and agreements can impact a country's same-sex marriage policies and reputation, and collaboration and cooperation with other nations can help promote equality and respect for human rights.",External Regulation and Reputation,14,English,chatGpt,G04393699
"Policies protecting the rights of individuals in same-sex marriages can help promote social stability and security, by ensuring that all families are protected and supported.",Policy Prescription and Evaluation,6,English,chatGpt,G04393699
Policy evaluation and assessment can help identify areas for improvement and ensure that same-sex marriage policies are meeting their intended goals and objectives.,Policy Prescription and Evaluation,6,English,chatGpt,G04393699
"The recognition of same-sex marriages can enhance a country's reputation for being inclusive and progressive, and can promote tourism and economic growth.",External Regulation and Reputation,14,English,chatGpt,G04393699
"Policies promoting same-sex marriage can help protect individuals from discrimination and violence, and can promote greater social cohesion and respect for diversity.",Fairness and Equality,4,English,chatGpt,G04393699
"Policy prescription for same-sex marriage should consider the needs and perspectives of all stakeholders, including members of the LGBTQ+ community, religious institutions, and other interest groups.",Policy Prescription and Evaluation,6,English,chatGpt,G04393699
"Policies protecting same-sex marriages should prioritize the safety and security of all individuals, including measures to prevent hate crimes and other forms of violence.",Health and Safety,9,English,chatGpt,G04393699
"Effective policy evaluation for same-sex marriage requires data collection and analysis, as well as engagement with diverse perspectives and stakeholder groups.",Policy Prescription and Evaluation,6,English,chatGpt,G04393699
"The recognition of same-sex marriages can promote greater legal protections for all families, including access to healthcare, social security, and other benefits.","Legality, Constitutionality, Jurisdiction",5,English,chatGpt,G04393699
"Policies promoting same-sex marriage can help enhance a country's reputation as a leader in human rights and equality, and can inspire other nations to adopt similar policies.",External Regulation and Reputation,14,English,chatGpt,G04393699
"Policies promoting same-sex marriage can help reduce social stigma and discrimination against LGBTQ+ individuals, promoting greater acceptance and inclusivity.",Fairness and Equality,4,English,chatGpt,G04393699
International pressure and advocacy can play an important role in promoting same-sex marriage policies and ensuring that human rights are respected and protected.,Other,15,English,chatGpt,G04393699
"The recognition of same-sex marriages can promote greater stability and security for families, including access to inheritance and property rights.",Quality of Life,10,English,chatGpt,G04393699
Effective policy evaluation for same-sex marriage requires ongoing monitoring and assessment to ensure that policies are meeting the evolving needs and preferences of individuals and communities.,Policy Prescription and Evaluation,6,English,chatGpt,G04393699
The recognition of same-sex marriages can enhance a country's standing in the international community and promote greater cooperation and collaboration on issues related to human rights.,External Regulation and Reputation,14,English,chatGpt,G04393699
Policies protecting the rights of individuals in same-sex marriages can help reduce health disparities and promote greater access to healthcare services.,Policy Prescription and Evaluation,6,English,chatGpt,G04393699
"Policies promoting same-sex marriage can help promote greater diversity and representation in public life, enhancing the perspectives and contributions of LGBTQ+ individuals in all aspects of society.",Cultural Identity,11,English,chatGpt,G04393699
"Effective policy prescription for same-sex marriage should consider the broader social and economic implications, including potential impacts on employment, taxation, and other areas of public policy.",Economic,1,English,chatGpt,G04393699
"The recognition of same-sex marriages can promote greater legal clarity and consistency, reducing confusion and uncertainty for families and communities.","Legality, Constitutionality, Jurisdiction",5,English,chatGpt,G04393699
"Policies protecting same-sex marriages should prioritize the safety and security of all individuals, including measures to prevent harassment and discrimination in the workplace and other settings.",Security and Defense,8,English,chatGpt,G04393699
"Policies supporting same-sex marriage can promote the health and safety of LGBTQ+ individuals, reducing risks of discrimination and improving access to healthcare and other services.",Health and Safety,9,English,chatGpt,G04393699
"Public opinion on same-sex marriage has evolved significantly in recent years, with growing support for policies that promote greater equality and respect for diversity.",Public Sentiment,12,English,chatGpt,G04393699
"The political climate can impact the adoption and implementation of same-sex marriage policies, with some governments being more or less supportive of LGBTQ+ rights depending on their ideological orientation.",Political,13,English,chatGpt,G04393699
"Policies promoting same-sex marriage can help reduce health disparities and improve mental health outcomes for LGBTQ+ individuals, who may face higher rates of depression, anxiety, and other mental health challenges.",Health and Safety,9,English,chatGpt,G04393699
"Public education and outreach can play an important role in promoting greater awareness and understanding of the importance of same-sex marriage policies, and the benefits they offer to individuals and society.",Public Sentiment,12,English,chatGpt,G04393699
"The political opposition to same-sex marriage can be rooted in religious or cultural beliefs, which may pose challenges for policymakers seeking to promote greater equality and human rights.",Morality,3,English,chatGpt,G04393699
"Policies protecting same-sex marriages can promote greater safety and security for LGBTQ+ individuals, reducing risks of violence, harassment, and discrimination.",Security and Defense,8,English,chatGpt,G04393699
"Public opinion on same-sex marriage can be shaped by a range of factors, including media coverage, public discourse, and personal experiences.",Public Sentiment,12,English,chatGpt,G04393699
"The political process for adopting same-sex marriage policies can be complex and time-consuming, requiring collaboration and negotiation among diverse stakeholders and interest groups.",Political,13,English,chatGpt,G04393699
"Policies promoting same-sex marriage can help reduce social stigma and improve mental health outcomes for LGBTQ+ individuals, promoting greater inclusion and acceptance.",Policy Prescription and Evaluation,6,English,chatGpt,G04393699
"Policies recognizing same-sex marriages can provide important legal protections for LGBTQ+ individuals, including access to healthcare, employment, and housing.",Policy Prescription and Evaluation,6,English,chatGpt,G04393699
"The legalization of same-sex marriage can help reduce discrimination and stigma, promoting greater acceptance and inclusion of LGBTQ+ individuals in society.",Fairness and Equality,4,English,chatGpt,G04393699
"Opposition to same-sex marriage can be based on a range of factors, including religious beliefs, cultural norms, and personal values.",Morality,3,English,chatGpt,G04393699
"Policies promoting same-sex marriage can help reduce health disparities and improve overall wellbeing for LGBTQ+ individuals, promoting greater equity and social justice.",Health and Safety,9,English,chatGpt,G04393699
"The political landscape for same-sex marriage policies can vary widely across different countries and regions, with some jurisdictions being more or less supportive of LGBTQ+ rights.",Political,13,English,chatGpt,G04393699
"Public attitudes toward same-sex marriage can be influenced by broader societal trends, such as changing gender roles, shifts in family structures, and increasing diversity.",Public Sentiment,12,English,chatGpt,G04393699
"Policies protecting same-sex marriages can help promote greater family stability and wellbeing, reducing risks of divorce and other negative outcomes.",Quality of Life,10,English,chatGpt,G04393699
"The recognition of same-sex marriages can help foster greater cultural exchange and understanding, promoting greater tolerance and respect for diversity.",Cultural Identity,11,English,chatGpt,G04393699
"The legalization of same-sex marriage can be a controversial and divisive issue, with some advocates and opponents engaging in heated public debates and demonstrations.","Legality, Constitutionality, Jurisdiction",5,EnglishEnglish,chatGpt,G04393699
"Policies promoting same-sex marriage can help promote greater economic stability and growth, reducing risks of poverty and other social challenges.",Economic,1,English,chatGpt,G04393699
"Policies promoting same-sex marriage can help reduce crime rates and promote greater public safety, reducing risks of hate crimes and other forms of violence against LGBTQ+ individuals.",Security and Defense,8,English,chatGpt,G04393699
"The legalization of same-sex marriage can have important economic benefits, including increased spending on weddings and related services, and greater productivity and retention in the workplace among LGBTQ+ employees.",Economic,1,English,chatGpt,G04393699
"The implementation of same-sex marriage policies can require significant capacity and resources, including legal expertise, administrative support, and public education and outreach.",Capacity and Resources,2,English,chatGpt,G04393699
"Opponents of same-sex marriage may argue that it undermines traditional family structures and poses economic and social risks to society, including higher rates of divorce and single parenthood.",Other,15,English,chatGpt,G04393699
"The criminalization of same-sex marriage or same-sex relationships can have severe consequences for LGBTQ+ individuals, including imprisonment, torture, and other forms of human rights violations.","Legality, Constitutionality, Jurisdiction",5,EnglishEnglish,chatGpt,G04393699
"Policies promoting same-sex marriage can help reduce economic disparities and promote greater social mobility for LGBTQ+ individuals and families, reducing risks of poverty and financial insecurity.",Economic,1,English,chatGpt,G04393699
"The implementation of same-sex marriage policies can require changes to existing legal frameworks, including property rights, inheritance laws, and family law.","Legality, Constitutionality, Jurisdiction",5,English,chatGpt,G04393699
"Opponents of same-sex marriage may argue that it poses moral and religious challenges to traditional values, and that it may lead to the erosion of social norms and family structures.",Morality,3,English,chatGpt,G04393699
"Policies supporting same-sex marriage can promote greater inclusion and diversity in the workplace, reducing risks of discrimination and harassment, and improving overall productivity and job satisfaction.",Policy Prescription and Evaluation,6,English,chatGpt,G04393699
"The implementation of same-sex marriage policies can require significant investments in public education and outreach, including training for legal and healthcare professionals, and awareness campaigns for the general public.",Public Sentiment,12,English,chatGpt,G04393699
"The criminalization of same-sex marriage or same-sex relationships can also have negative impacts on mental health and wellbeing for LGBTQ+ individuals, increasing risks of depression, anxiety, and other mental health issues.",Health and Safety,9,English,chatGpt,G04393699
"Policies promoting same-sex marriage can also help promote greater economic growth and stability by increasing demand for goods and services, and supporting the growth of small businesses and entrepreneurship.",Economic,1,English,chatGpt,G04393699
"The implementation of same-sex marriage policies can require significant investment in public infrastructure, including the establishment of legal and administrative frameworks, and the development of support services for LGBTQ+ individuals and families.",Policy Prescription and Evaluation,6,English,chatGpt,G04393699
"Opponents of same-sex marriage may argue that it undermines religious freedom and the sanctity of traditional marriage, and that it may lead to the erosion of moral and ethical values.",Morality,3,English,chatGpt,G04393699
"The criminalization of same-sex marriage can have broader societal impacts, including the suppression of LGBTQ+ rights and freedoms, and the promotion of discrimination and intolerance.",Crime and Punishment,7,English,chatGpt,G04393699
"Policies promoting same-sex marriage can also help reduce healthcare costs and improve overall health outcomes for LGBTQ+ individuals, reducing risks of chronic diseases and other health challenges.",Policy Prescription and Evaluation,6,English,chatGpt,G04393699
"The implementation of same-sex marriage policies can require significant legal expertise and resources, including court proceedings, legislative changes, and public referenda.",Capacity and Resources,2,English,chatGpt,G04393699
"Opponents of same-sex marriage may argue that it poses threats to child welfare and family values, and that it may lead to negative impacts on children's development and wellbeing.",Public Sentiment,12,English,chatGpt,G04393699
"Policies promoting same-sex marriage can also help promote greater social inclusion and cohesion, reducing risks of social isolation and exclusion for LGBTQ+ individuals and families.",Policy Prescription and Evaluation,6,English,chatGpt,G04393699
"The implementation of same-sex marriage policies can require coordination across multiple government agencies, including the legal system, healthcare providers, and social services.","Legality, Constitutionality, Jurisdiction",5,English,chatGpt,G04393699
"Same-sex marriage is an important step towards achieving fairness and equality for LGBTQ+ individuals, ensuring that they have the same rights and protections as heterosexual couples.",Fairness and Equality,4,English,chatGpt,G04393699
"Policies promoting same-sex marriage can be evaluated by examining changes in attitudes and behaviors towards LGBTQ+ individuals and families, as well as changes in the legal and social landscape.",Policy Prescription and Evaluation,6,English,chatGpt,G04393699
"The legalization of same-sex marriage can have significant positive impacts on the quality of life for LGBTQ+ individuals, promoting greater social acceptance and reducing risks of discrimination and exclusion.",Quality of Life,10,English,chatGpt,G04393699
"Opponents of same-sex marriage may argue that it violates traditional values and norms, and that it may lead to negative impacts on society and culture.",Cultural Identity,11,English,chatGpt,G04393699
"Policies promoting same-sex marriage can also help promote greater economic and social mobility for LGBTQ+ individuals, providing greater access to education, employment, and other opportunities.",Economic,1,English,chatGpt,G04393699
"The evaluation of same-sex marriage policies can require careful analysis of legal and social trends, as well as data on public attitudes and behaviors towards LGBTQ+ individuals and families.",Policy Prescription and Evaluation,6,English,chatGpt,G04393699
"The legalization of same-sex marriage can help promote greater social justice and equality, ensuring that LGBTQ+ individuals have access to the same legal protections and benefits as heterosexual couples.",Fairness and Equality,4,English,chatGpt,G04393699
"Opponents of same-sex marriage may argue that it undermines the traditional family structure, and that it may lead to negative impacts on child welfare and development.",Public Sentiment,12,English,chatGpt,G04393699
"Policies promoting same-sex marriage can also help reduce risks of discrimination and violence against LGBTQ+ individuals, promoting greater social cohesion and inclusion.",Policy Prescription and Evaluation,6,English,chatGpt,G04393699
"The implementation of same-sex marriage policies can require collaboration between government agencies, community organizations, and advocacy groups, as well as careful attention to the needs and concerns of LGBTQ+ individuals and families.","Legality, Constitutionality, Jurisdiction",5,English,chatGpt,G04393699
Les politiques visant ?ß promouvoir le mariage entre personnes de m?¼me sexe peuvent n??cessiter des ressources et des capacit??s accrues pour garantir l'??galit?? des droits pour tous.,Capacity and Resources,2,French,eng to fre,G04393699
"Les enjeux politiques entourant le mariage entre personnes de m?¼me sexe peuvent ?¼tre complexes, impliquant des consid??rations constitutionnelles et l??gales, ainsi que des questions de droits civils et de libert??s individuelles.",Political,13,French,eng to fre,G04393699
"Les politiques de mariage entre personnes de m?¼me sexe peuvent ?¼tre consid??r??es comme des questions de s??curit?? et de d??fense, car elles peuvent affecter la stabilit?? sociale et politique d'un pays.",Security and Defense,8,French,eng to fre,G04393699
"Le mariage entre personnes de m?¼me sexe peut avoir un impact ??conomique important, notamment en termes d'acc?┐s ?ß l'emploi et aux avantages sociaux pour les couples de m?¼me sexe.",Capacity and Resources,2,French,eng to fre,G04393699
Le mariage entre personnes de m?¼me sexe est une question politique qui peut n??cessiter une action gouvernementale pour garantir l'??galit?? des droits pour tous les citoyens.,Political,13,French,chatGpt,G04393699
"Ayn?? cinsiyetten evlilikleri te?âvik eden politikalar, herkesin e?âit haklara sahip olmas??n?? garanti alt??na almak i?║in artan kaynaklar ve kapasite gerektirebilir.",Capacity and Resources,2,Turkish,chatGpt,G04393699
"Ayn?? cinsiyetten evlilikle ilgili politik meseleler karma?â??k olabilir, anayasal ve yasal konular??n yan?? s??ra sivil haklar ve bireysel ??zg??rl??kler gibi konular?? da i?║erebilir.",Political,13,Turkish,chatGpt,G04393699
"Ayn?? cinsiyetten evlili?âi te?âvik eden politikalar, ??lkenin sosyal ve politik istikrar??n?? etkileyebilece?âi i?║in g??venlik ve savunma konular??n?? da i?║erebilir.",Security and Defense,8,Turkish,chatGpt,G04393699
Le politiche che promuovono il matrimonio tra persone dello stesso sesso possono richiedere risorse e capacit?ß crescenti per garantire l'uguaglianza di tutti.,Capacity and Resources,2,Italian,chatGpt,G04393699
"Le questioni politiche relative al matrimonio tra persone dello stesso sesso possono essere complesse e includere questioni costituzionali e legali, nonch?? diritti civili e libert?ß individuali.",Political,13,Italian,chatGpt,G04393699
"Le politiche che promuovono il matrimonio tra persone dello stesso sesso possono anche includere questioni di sicurezza e difesa, poich?? potrebbero influire sulla stabilit?ß sociale e politica del paese.",Security and Defense,8,Italian,chatGpt,G04393699
"同性婚姻的道德立场在不同的文化和宗教中可能存在争议，需要通过广泛的公众讨论和辩论来解决。"Security and defense,8, Chinese,chatGpt,G04393699
"在一些国家，公众对同性婚姻的态度正在发生变化，越来越多的人支持这种形式的婚姻，但在其他国家，仍然存在很大的反对声音。.",Public Sentiment,12, Chinese,chatGpt,G04393699
"同性婚姻的合法化可能对经济产生一定的影响，如改变了传统婚姻的社会经济模式，或者为婚姻产业带来新的商机。.",Economic,1, Chinese,chatGpt,G04393699
